"topic","page","modul","replace modul="modul" if page=="page"","recode"
"index","index","conventional","replace modul="conventional" if page=="index""
"beg","beg_00","conventional","replace modul="conventional" if page=="beg_00""
"beg","beg_01","conventional","replace modul="conventional" if page=="beg_01""
"beg","beg_02","conventional","replace modul="conventional" if page=="beg_02""
"beg","beg_03","conventional","replace modul="conventional" if page=="beg_03""
"beg","beg_04","conventional","replace modul="conventional" if page=="beg_04""
"beg","beg_05","conventional","replace modul="conventional" if page=="beg_05""
"beg","beg_06","conventional","replace modul="conventional" if page=="beg_06""
"cor","cor_00","conventional","replace modul="conventional" if page=="cor_00""
"cor","cor_01","conventional","replace modul="conventional" if page=="cor_01""
"cor","cor_02","conventional","replace modul="conventional" if page=="cor_02""
"cor","cor_03","conventional","replace modul="conventional" if page=="cor_03""
"cor","cor_04","conventional","replace modul="conventional" if page=="cor_04""
"cor","cor_05","conventional","replace modul="conventional" if page=="cor_05""
"cor","cor_06","conventional","replace modul="conventional" if page=="cor_06""
"cor","cor_07","conventional","replace modul="conventional" if page=="cor_07""
"zwischen","zwischen_epi","zwischen","replace modul="zwischen" if page=="zwischen_epi""
"reife","reife_01","conventional","replace modul="conventional" if page=="reife_01""
"zwischen","zwischen_cal_am","zwischen","replace modul="zwischen" if page=="zwischen_cal_am""
"zwischen","zwischen_cal_ad","zwischen","replace modul="zwischen" if page=="zwischen_cal_ad""
"reife","reife_02","conventional","replace modul="conventional" if page=="reife_02""
"cal","cal1","episodes","replace modul="episodes" if page=="cal1""
"reife","reife_03","conventional","replace modul="conventional" if page=="reife_03""
"reife","reife_04","conventional","replace modul="conventional" if page=="reife_04""
"zwischen","zwischen_cal_bm","zwischen","replace modul="zwischen" if page=="zwischen_cal_bm""
"zwischen","zwischen_cal_bd","zwischen","replace modul="zwischen" if page=="zwischen_cal_bd""
"cal","cal25","episodes","replace modul="episodes" if page=="cal25""
"zwischen","zwischen_k","zwischen","replace modul="zwischen" if page=="zwischen_k""
"sc","sc0001","episodes","replace modul="episodes" if page=="sc0001""
"sc","scaa02","episodes","replace modul="episodes" if page=="scaa02""
"sc","scaa07","episodes","replace modul="episodes" if page=="scaa07""
"sc","scaa12","episodes","replace modul="episodes" if page=="scaa12""
"sc","scaa13","episodes","replace modul="episodes" if page=="scaa13""
"sc","scaa16","episodes","replace modul="episodes" if page=="scaa16""
"sc","scaa14","episodes","replace modul="episodes" if page=="scaa14""
"sc","scaa17","episodes","replace modul="episodes" if page=="scaa17""
"sc","scaa19","episodes","replace modul="episodes" if page=="scaa19""
"sc","scab01","episodes","replace modul="episodes" if page=="scab01""
"sc","scab02","episodes","replace modul="episodes" if page=="scab02""
"sc","scab07","episodes","replace modul="episodes" if page=="scab07""
"sc","scab12","episodes","replace modul="episodes" if page=="scab12""
"sc","scab16","episodes","replace modul="episodes" if page=="scab16""
"sc","scab13","episodes","replace modul="episodes" if page=="scab13""
"sc","scab17","episodes","replace modul="episodes" if page=="scab17""
"sc","scab14","episodes","replace modul="episodes" if page=="scab14""
"sc","scab19","episodes","replace modul="episodes" if page=="scab19""
"sc","scac01","episodes","replace modul="episodes" if page=="scac01""
"sc","scac02","episodes","replace modul="episodes" if page=="scac02""
"sc","scac07","episodes","replace modul="episodes" if page=="scac07""
"sc","scac12","episodes","replace modul="episodes" if page=="scac12""
"sc","scac16","episodes","replace modul="episodes" if page=="scac16""
"sc","scac13","episodes","replace modul="episodes" if page=="scac13""
"sc","scac17","episodes","replace modul="episodes" if page=="scac17""
"sc","scac14","episodes","replace modul="episodes" if page=="scac14""
"sc","scac19","episodes","replace modul="episodes" if page=="scac19""
"sc","scad01","episodes","replace modul="episodes" if page=="scad01""
"sc","scad02","episodes","replace modul="episodes" if page=="scad02""
"sc","scad07","episodes","replace modul="episodes" if page=="scad07""
"sc","scad12","episodes","replace modul="episodes" if page=="scad12""
"sc","scad16","episodes","replace modul="episodes" if page=="scad16""
"sc","scad13","episodes","replace modul="episodes" if page=="scad13""
"sc","scad17","episodes","replace modul="episodes" if page=="scad17""
"sc","scad14","episodes","replace modul="episodes" if page=="scad14""
"sc","scad19","episodes","replace modul="episodes" if page=="scad19""
"sc","scae01","episodes","replace modul="episodes" if page=="scae01""
"sc","scae02","episodes","replace modul="episodes" if page=="scae02""
"sc","scae07","episodes","replace modul="episodes" if page=="scae07""
"sc","scae12","episodes","replace modul="episodes" if page=="scae12""
"sc","scae16","episodes","replace modul="episodes" if page=="scae16""
"sc","scae13","episodes","replace modul="episodes" if page=="scae13""
"sc","scae17","episodes","replace modul="episodes" if page=="scae17""
"sc","scae14","episodes","replace modul="episodes" if page=="scae14""
"sc","scae19","episodes","replace modul="episodes" if page=="scae19""
"sc","scaz01","episodes","replace modul="episodes" if page=="scaz01""
"sc","scaz02","episodes","replace modul="episodes" if page=="scaz02""
"sc","scaz07","episodes","replace modul="episodes" if page=="scaz07""
"sc","scaz16","episodes","replace modul="episodes" if page=="scaz16""
"sc","scaz17","episodes","replace modul="episodes" if page=="scaz17""
"sc","scaz19","episodes","replace modul="episodes" if page=="scaz19""
"zwischen","zwischen_sc","zwischen","replace modul="zwischen" if page=="zwischen_sc""
"st","st0001","episodes","replace modul="episodes" if page=="st0001""
"st","staa01","episodes","replace modul="episodes" if page=="staa01""
"st","staa04","episodes","replace modul="episodes" if page=="staa04""
"st","staa07","episodes","replace modul="episodes" if page=="staa07""
"st","staa09","episodes","replace modul="episodes" if page=="staa09""
"st","staa10","episodes","replace modul="episodes" if page=="staa10""
"st","staa16","episodes","replace modul="episodes" if page=="staa16""
"st","staa17","episodes","replace modul="episodes" if page=="staa17""
"st","staa18","episodes","replace modul="episodes" if page=="staa18""
"st","staa19","episodes","replace modul="episodes" if page=="staa19""
"st","staa21","episodes","replace modul="episodes" if page=="staa21""
"st","staa23","episodes","replace modul="episodes" if page=="staa23""
"st","staa24","episodes","replace modul="episodes" if page=="staa24""
"st","staa29","episodes","replace modul="episodes" if page=="staa29""
"st","staa33","episodes","replace modul="episodes" if page=="staa33""
"st","staa31","episodes","replace modul="episodes" if page=="staa31""
"st","staa25","episodes","replace modul="episodes" if page=="staa25""
"st","staa34","episodes","replace modul="episodes" if page=="staa34""
"st","stab04","episodes","replace modul="episodes" if page=="stab04""
"st","stab07","episodes","replace modul="episodes" if page=="stab07""
"st","stab09","episodes","replace modul="episodes" if page=="stab09""
"st","stab10","episodes","replace modul="episodes" if page=="stab10""
"st","stab16","episodes","replace modul="episodes" if page=="stab16""
"st","stab17","episodes","replace modul="episodes" if page=="stab17""
"st","stab18","episodes","replace modul="episodes" if page=="stab18""
"st","stab19","episodes","replace modul="episodes" if page=="stab19""
"st","stab21","episodes","replace modul="episodes" if page=="stab21""
"st","stab23","episodes","replace modul="episodes" if page=="stab23""
"st","stab24","episodes","replace modul="episodes" if page=="stab24""
"st","stab29","episodes","replace modul="episodes" if page=="stab29""
"st","stab33","episodes","replace modul="episodes" if page=="stab33""
"st","stab31","episodes","replace modul="episodes" if page=="stab31""
"st","stab25","episodes","replace modul="episodes" if page=="stab25""
"st","stab34","episodes","replace modul="episodes" if page=="stab34""
"st","stac04","episodes","replace modul="episodes" if page=="stac04""
"st","stac07","episodes","replace modul="episodes" if page=="stac07""
"st","stac09","episodes","replace modul="episodes" if page=="stac09""
"st","stac10","episodes","replace modul="episodes" if page=="stac10""
"st","stac16","episodes","replace modul="episodes" if page=="stac16""
"st","stac17","episodes","replace modul="episodes" if page=="stac17""
"st","stac18","episodes","replace modul="episodes" if page=="stac18""
"st","stac19","episodes","replace modul="episodes" if page=="stac19""
"st","stac21","episodes","replace modul="episodes" if page=="stac21""
"st","stac23","episodes","replace modul="episodes" if page=="stac23""
"st","stac24","episodes","replace modul="episodes" if page=="stac24""
"st","stac29","episodes","replace modul="episodes" if page=="stac29""
"st","stac33","episodes","replace modul="episodes" if page=="stac33""
"st","stac31","episodes","replace modul="episodes" if page=="stac31""
"st","stac25","episodes","replace modul="episodes" if page=="stac25""
"st","stac34","episodes","replace modul="episodes" if page=="stac34""
"st","stad04","episodes","replace modul="episodes" if page=="stad04""
"st","stad07","episodes","replace modul="episodes" if page=="stad07""
"st","stad09","episodes","replace modul="episodes" if page=="stad09""
"st","stad10","episodes","replace modul="episodes" if page=="stad10""
"st","stad16","episodes","replace modul="episodes" if page=="stad16""
"st","stad17","episodes","replace modul="episodes" if page=="stad17""
"st","stad18","episodes","replace modul="episodes" if page=="stad18""
"st","stad19","episodes","replace modul="episodes" if page=="stad19""
"st","stad21","episodes","replace modul="episodes" if page=="stad21""
"st","stad23","episodes","replace modul="episodes" if page=="stad23""
"st","stad24","episodes","replace modul="episodes" if page=="stad24""
"st","stad29","episodes","replace modul="episodes" if page=="stad29""
"st","stad33","episodes","replace modul="episodes" if page=="stad33""
"st","stad31","episodes","replace modul="episodes" if page=="stad31""
"st","stad25","episodes","replace modul="episodes" if page=="stad25""
"st","stad34","episodes","replace modul="episodes" if page=="stad34""
"st","stae04","episodes","replace modul="episodes" if page=="stae04""
"st","stae07","episodes","replace modul="episodes" if page=="stae07""
"st","stae09","episodes","replace modul="episodes" if page=="stae09""
"st","stae10","episodes","replace modul="episodes" if page=="stae10""
"st","stae16","episodes","replace modul="episodes" if page=="stae16""
"st","stae17","episodes","replace modul="episodes" if page=="stae17""
"st","stae18","episodes","replace modul="episodes" if page=="stae18""
"st","stae19","episodes","replace modul="episodes" if page=="stae19""
"st","stae21","episodes","replace modul="episodes" if page=="stae21""
"st","stae23","episodes","replace modul="episodes" if page=="stae23""
"st","stae24","episodes","replace modul="episodes" if page=="stae24""
"st","stae29","episodes","replace modul="episodes" if page=="stae29""
"st","stae33","episodes","replace modul="episodes" if page=="stae33""
"st","stae31","episodes","replace modul="episodes" if page=="stae31""
"st","stae25","episodes","replace modul="episodes" if page=="stae25""
"st","stae34","episodes","replace modul="episodes" if page=="stae34""
"st","staa42","episodes","replace modul="episodes" if page=="staa42""
"st","staa43","episodes","replace modul="episodes" if page=="staa43""
"st","staa47","episodes","replace modul="episodes" if page=="staa47""
"st","stba01","episodes","replace modul="episodes" if page=="stba01""
"st","stba04","episodes","replace modul="episodes" if page=="stba04""
"st","stba07","episodes","replace modul="episodes" if page=="stba07""
"st","stba09","episodes","replace modul="episodes" if page=="stba09""
"st","stba10","episodes","replace modul="episodes" if page=="stba10""
"st","stba16","episodes","replace modul="episodes" if page=="stba16""
"st","stba17","episodes","replace modul="episodes" if page=="stba17""
"st","stba18","episodes","replace modul="episodes" if page=="stba18""
"st","stba19","episodes","replace modul="episodes" if page=="stba19""
"st","stba21","episodes","replace modul="episodes" if page=="stba21""
"st","stba23","episodes","replace modul="episodes" if page=="stba23""
"st","stba24","episodes","replace modul="episodes" if page=="stba24""
"st","stba29","episodes","replace modul="episodes" if page=="stba29""
"st","stba33","episodes","replace modul="episodes" if page=="stba33""
"st","stba31","episodes","replace modul="episodes" if page=="stba31""
"st","stba25","episodes","replace modul="episodes" if page=="stba25""
"st","stba34","episodes","replace modul="episodes" if page=="stba34""
"st","stbb04","episodes","replace modul="episodes" if page=="stbb04""
"st","stbb07","episodes","replace modul="episodes" if page=="stbb07""
"st","stbb09","episodes","replace modul="episodes" if page=="stbb09""
"st","stbb10","episodes","replace modul="episodes" if page=="stbb10""
"st","stbb16","episodes","replace modul="episodes" if page=="stbb16""
"st","stbb17","episodes","replace modul="episodes" if page=="stbb17""
"st","stbb18","episodes","replace modul="episodes" if page=="stbb18""
"st","stbb19","episodes","replace modul="episodes" if page=="stbb19""
"st","stbb21","episodes","replace modul="episodes" if page=="stbb21""
"st","stbb23","episodes","replace modul="episodes" if page=="stbb23""
"st","stbb24","episodes","replace modul="episodes" if page=="stbb24""
"st","stbb29","episodes","replace modul="episodes" if page=="stbb29""
"st","stbb33","episodes","replace modul="episodes" if page=="stbb33""
"st","stbb31","episodes","replace modul="episodes" if page=="stbb31""
"st","stbb25","episodes","replace modul="episodes" if page=="stbb25""
"st","stbb34","episodes","replace modul="episodes" if page=="stbb34""
"st","stbc04","episodes","replace modul="episodes" if page=="stbc04""
"st","stbc07","episodes","replace modul="episodes" if page=="stbc07""
"st","stbc09","episodes","replace modul="episodes" if page=="stbc09""
"st","stbc10","episodes","replace modul="episodes" if page=="stbc10""
"st","stbc16","episodes","replace modul="episodes" if page=="stbc16""
"st","stbc17","episodes","replace modul="episodes" if page=="stbc17""
"st","stbc18","episodes","replace modul="episodes" if page=="stbc18""
"st","stbc19","episodes","replace modul="episodes" if page=="stbc19""
"st","stbc21","episodes","replace modul="episodes" if page=="stbc21""
"st","stbc23","episodes","replace modul="episodes" if page=="stbc23""
"st","stbc24","episodes","replace modul="episodes" if page=="stbc24""
"st","stbc29","episodes","replace modul="episodes" if page=="stbc29""
"st","stbc33","episodes","replace modul="episodes" if page=="stbc33""
"st","stbc31","episodes","replace modul="episodes" if page=="stbc31""
"st","stbc25","episodes","replace modul="episodes" if page=="stbc25""
"st","stbc34","episodes","replace modul="episodes" if page=="stbc34""
"st","stbd04","episodes","replace modul="episodes" if page=="stbd04""
"st","stbd07","episodes","replace modul="episodes" if page=="stbd07""
"st","stbd09","episodes","replace modul="episodes" if page=="stbd09""
"st","stbd10","episodes","replace modul="episodes" if page=="stbd10""
"st","stbd16","episodes","replace modul="episodes" if page=="stbd16""
"st","stbd17","episodes","replace modul="episodes" if page=="stbd17""
"st","stbd18","episodes","replace modul="episodes" if page=="stbd18""
"st","stbd19","episodes","replace modul="episodes" if page=="stbd19""
"st","stbd21","episodes","replace modul="episodes" if page=="stbd21""
"st","stbd23","episodes","replace modul="episodes" if page=="stbd23""
"st","stbd24","episodes","replace modul="episodes" if page=="stbd24""
"st","stbd29","episodes","replace modul="episodes" if page=="stbd29""
"st","stbd33","episodes","replace modul="episodes" if page=="stbd33""
"st","stbd31","episodes","replace modul="episodes" if page=="stbd31""
"st","stbd25","episodes","replace modul="episodes" if page=="stbd25""
"st","stbd34","episodes","replace modul="episodes" if page=="stbd34""
"st","stba42","episodes","replace modul="episodes" if page=="stba42""
"st","stba43","episodes","replace modul="episodes" if page=="stba43""
"st","stba47","episodes","replace modul="episodes" if page=="stba47""
"st","stca01","episodes","replace modul="episodes" if page=="stca01""
"st","stca04","episodes","replace modul="episodes" if page=="stca04""
"st","stca07","episodes","replace modul="episodes" if page=="stca07""
"st","stca09","episodes","replace modul="episodes" if page=="stca09""
"st","stca10","episodes","replace modul="episodes" if page=="stca10""
"st","stca16","episodes","replace modul="episodes" if page=="stca16""
"st","stca17","episodes","replace modul="episodes" if page=="stca17""
"st","stca18","episodes","replace modul="episodes" if page=="stca18""
"st","stca19","episodes","replace modul="episodes" if page=="stca19""
"st","stca21","episodes","replace modul="episodes" if page=="stca21""
"st","stca23","episodes","replace modul="episodes" if page=="stca23""
"st","stca24","episodes","replace modul="episodes" if page=="stca24""
"st","stca29","episodes","replace modul="episodes" if page=="stca29""
"st","stca33","episodes","replace modul="episodes" if page=="stca33""
"st","stca31","episodes","replace modul="episodes" if page=="stca31""
"st","stca25","episodes","replace modul="episodes" if page=="stca25""
"st","stca34","episodes","replace modul="episodes" if page=="stca34""
"st","stcb04","episodes","replace modul="episodes" if page=="stcb04""
"st","stcb07","episodes","replace modul="episodes" if page=="stcb07""
"st","stcb09","episodes","replace modul="episodes" if page=="stcb09""
"st","stcb10","episodes","replace modul="episodes" if page=="stcb10""
"st","stcb16","episodes","replace modul="episodes" if page=="stcb16""
"st","stcb17","episodes","replace modul="episodes" if page=="stcb17""
"st","stcb18","episodes","replace modul="episodes" if page=="stcb18""
"st","stcb19","episodes","replace modul="episodes" if page=="stcb19""
"st","stcb21","episodes","replace modul="episodes" if page=="stcb21""
"st","stcb23","episodes","replace modul="episodes" if page=="stcb23""
"st","stcb24","episodes","replace modul="episodes" if page=="stcb24""
"st","stcb29","episodes","replace modul="episodes" if page=="stcb29""
"st","stcb33","episodes","replace modul="episodes" if page=="stcb33""
"st","stcb31","episodes","replace modul="episodes" if page=="stcb31""
"st","stcb25","episodes","replace modul="episodes" if page=="stcb25""
"st","stcb34","episodes","replace modul="episodes" if page=="stcb34""
"st","stcc04","episodes","replace modul="episodes" if page=="stcc04""
"st","stcc07","episodes","replace modul="episodes" if page=="stcc07""
"st","stcc09","episodes","replace modul="episodes" if page=="stcc09""
"st","stcc10","episodes","replace modul="episodes" if page=="stcc10""
"st","stcc16","episodes","replace modul="episodes" if page=="stcc16""
"st","stcc17","episodes","replace modul="episodes" if page=="stcc17""
"st","stcc18","episodes","replace modul="episodes" if page=="stcc18""
"st","stcc19","episodes","replace modul="episodes" if page=="stcc19""
"st","stcc21","episodes","replace modul="episodes" if page=="stcc21""
"st","stcc23","episodes","replace modul="episodes" if page=="stcc23""
"st","stcc24","episodes","replace modul="episodes" if page=="stcc24""
"st","stcc29","episodes","replace modul="episodes" if page=="stcc29""
"st","stcc33","episodes","replace modul="episodes" if page=="stcc33""
"st","stcc31","episodes","replace modul="episodes" if page=="stcc31""
"st","stcc25","episodes","replace modul="episodes" if page=="stcc25""
"st","stcc34","episodes","replace modul="episodes" if page=="stcc34""
"st","stca42","episodes","replace modul="episodes" if page=="stca42""
"st","stca43","episodes","replace modul="episodes" if page=="stca43""
"st","stca47","episodes","replace modul="episodes" if page=="stca47""
"st","stda01","episodes","replace modul="episodes" if page=="stda01""
"st","stda04","episodes","replace modul="episodes" if page=="stda04""
"st","stda07","episodes","replace modul="episodes" if page=="stda07""
"st","stda09","episodes","replace modul="episodes" if page=="stda09""
"st","stda10","episodes","replace modul="episodes" if page=="stda10""
"st","stda16","episodes","replace modul="episodes" if page=="stda16""
"st","stda17","episodes","replace modul="episodes" if page=="stda17""
"st","stda18","episodes","replace modul="episodes" if page=="stda18""
"st","stda19","episodes","replace modul="episodes" if page=="stda19""
"st","stda21","episodes","replace modul="episodes" if page=="stda21""
"st","stda23","episodes","replace modul="episodes" if page=="stda23""
"st","stda24","episodes","replace modul="episodes" if page=="stda24""
"st","stda29","episodes","replace modul="episodes" if page=="stda29""
"st","stda33","episodes","replace modul="episodes" if page=="stda33""
"st","stda31","episodes","replace modul="episodes" if page=="stda31""
"st","stda25","episodes","replace modul="episodes" if page=="stda25""
"st","stda34","episodes","replace modul="episodes" if page=="stda34""
"st","stdb04","episodes","replace modul="episodes" if page=="stdb04""
"st","stdb07","episodes","replace modul="episodes" if page=="stdb07""
"st","stdb09","episodes","replace modul="episodes" if page=="stdb09""
"st","stdb10","episodes","replace modul="episodes" if page=="stdb10""
"st","stdb16","episodes","replace modul="episodes" if page=="stdb16""
"st","stdb17","episodes","replace modul="episodes" if page=="stdb17""
"st","stdb18","episodes","replace modul="episodes" if page=="stdb18""
"st","stdb19","episodes","replace modul="episodes" if page=="stdb19""
"st","stdb21","episodes","replace modul="episodes" if page=="stdb21""
"st","stdb23","episodes","replace modul="episodes" if page=="stdb23""
"st","stdb24","episodes","replace modul="episodes" if page=="stdb24""
"st","stdb29","episodes","replace modul="episodes" if page=="stdb29""
"st","stdb33","episodes","replace modul="episodes" if page=="stdb33""
"st","stdb31","episodes","replace modul="episodes" if page=="stdb31""
"st","stdb25","episodes","replace modul="episodes" if page=="stdb25""
"st","stdb34","episodes","replace modul="episodes" if page=="stdb34""
"st","stda42","episodes","replace modul="episodes" if page=="stda42""
"st","stda43","episodes","replace modul="episodes" if page=="stda43""
"st","stda47","episodes","replace modul="episodes" if page=="stda47""
"st","stea01","episodes","replace modul="episodes" if page=="stea01""
"st","stea04","episodes","replace modul="episodes" if page=="stea04""
"st","stea07","episodes","replace modul="episodes" if page=="stea07""
"st","stea09","episodes","replace modul="episodes" if page=="stea09""
"st","stea10","episodes","replace modul="episodes" if page=="stea10""
"st","stea16","episodes","replace modul="episodes" if page=="stea16""
"st","stea17","episodes","replace modul="episodes" if page=="stea17""
"st","stea18","episodes","replace modul="episodes" if page=="stea18""
"st","stea19","episodes","replace modul="episodes" if page=="stea19""
"st","stea21","episodes","replace modul="episodes" if page=="stea21""
"st","stea23","episodes","replace modul="episodes" if page=="stea23""
"st","stea24","episodes","replace modul="episodes" if page=="stea24""
"st","stea29","episodes","replace modul="episodes" if page=="stea29""
"st","stea33","episodes","replace modul="episodes" if page=="stea33""
"st","stea31","episodes","replace modul="episodes" if page=="stea31""
"st","stea25","episodes","replace modul="episodes" if page=="stea25""
"st","stea34","episodes","replace modul="episodes" if page=="stea34""
"st","stea42","episodes","replace modul="episodes" if page=="stea42""
"st","stea43","episodes","replace modul="episodes" if page=="stea43""
"st","stea47","episodes","replace modul="episodes" if page=="stea47""
"st","st0002","episodes","replace modul="episodes" if page=="st0002""
"st","st0005","episodes","replace modul="episodes" if page=="st0005""
"st","st0008","episodes","replace modul="episodes" if page=="st0008""
"st","st0010","episodes","replace modul="episodes" if page=="st0010""
"st","st0011","episodes","replace modul="episodes" if page=="st0011""
"st","st0017","episodes","replace modul="episodes" if page=="st0017""
"st","st0018","episodes","replace modul="episodes" if page=="st0018""
"st","st0019","episodes","replace modul="episodes" if page=="st0019""
"st","st0020","episodes","replace modul="episodes" if page=="st0020""
"st","st0022","episodes","replace modul="episodes" if page=="st0022""
"st","st0024","episodes","replace modul="episodes" if page=="st0024""
"st","st0025","episodes","replace modul="episodes" if page=="st0025""
"st","st0030","episodes","replace modul="episodes" if page=="st0030""
"st","st0032","episodes","replace modul="episodes" if page=="st0032""
"st","st0026","episodes","replace modul="episodes" if page=="st0026""
"zwischen","zwischen_st","zwischen","replace modul="zwischen" if page=="zwischen_st""
"v","v0001","episodes","replace modul="episodes" if page=="v0001""
"v","vaa01","episodes","replace modul="episodes" if page=="vaa01""
"v","vaa05","episodes","replace modul="episodes" if page=="vaa05""
"v","vaa06","episodes","replace modul="episodes" if page=="vaa06""
"v","vaa07","episodes","replace modul="episodes" if page=="vaa07""
"v","vaa08","episodes","replace modul="episodes" if page=="vaa08""
"v","vaa10","episodes","replace modul="episodes" if page=="vaa10""
"v","vaa20","episodes","replace modul="episodes" if page=="vaa20""
"v","vaa21","episodes","replace modul="episodes" if page=="vaa21""
"v","vab06","episodes","replace modul="episodes" if page=="vab06""
"v","vab07","episodes","replace modul="episodes" if page=="vab07""
"v","vab08","episodes","replace modul="episodes" if page=="vab08""
"v","vab10","episodes","replace modul="episodes" if page=="vab10""
"v","vab20","episodes","replace modul="episodes" if page=="vab20""
"v","vab21","episodes","replace modul="episodes" if page=="vab21""
"v","vac06","episodes","replace modul="episodes" if page=="vac06""
"v","vac07","episodes","replace modul="episodes" if page=="vac07""
"v","vac08","episodes","replace modul="episodes" if page=="vac08""
"v","vac10","episodes","replace modul="episodes" if page=="vac10""
"v","vac20","episodes","replace modul="episodes" if page=="vac20""
"v","vac21","episodes","replace modul="episodes" if page=="vac21""
"v","vad06","episodes","replace modul="episodes" if page=="vad06""
"v","vad07","episodes","replace modul="episodes" if page=="vad07""
"v","vad08","episodes","replace modul="episodes" if page=="vad08""
"v","vad10","episodes","replace modul="episodes" if page=="vad10""
"v","vad20","episodes","replace modul="episodes" if page=="vad20""
"v","vad21","episodes","replace modul="episodes" if page=="vad21""
"v","vae06","episodes","replace modul="episodes" if page=="vae06""
"v","vae07","episodes","replace modul="episodes" if page=="vae07""
"v","vae08","episodes","replace modul="episodes" if page=="vae08""
"v","vae10","episodes","replace modul="episodes" if page=="vae10""
"v","vae20","episodes","replace modul="episodes" if page=="vae20""
"v","vae21","episodes","replace modul="episodes" if page=="vae21""
"v","vaz06","episodes","replace modul="episodes" if page=="vaz06""
"v","vaz10","episodes","replace modul="episodes" if page=="vaz10""
"v","vaa23","episodes","replace modul="episodes" if page=="vaa23""
"v","vaa24","episodes","replace modul="episodes" if page=="vaa24""
"v","vaa25","episodes","replace modul="episodes" if page=="vaa25""
"v","vaa29","episodes","replace modul="episodes" if page=="vaa29""
"v","vaa30","episodes","replace modul="episodes" if page=="vaa30""
"v","vba01","episodes","replace modul="episodes" if page=="vba01""
"v","vba05","episodes","replace modul="episodes" if page=="vba05""
"v","vba06","episodes","replace modul="episodes" if page=="vba06""
"v","vba07","episodes","replace modul="episodes" if page=="vba07""
"v","vba08","episodes","replace modul="episodes" if page=="vba08""
"v","vba10","episodes","replace modul="episodes" if page=="vba10""
"v","vba20","episodes","replace modul="episodes" if page=="vba20""
"v","vba21","episodes","replace modul="episodes" if page=="vba21""
"v","vbb06","episodes","replace modul="episodes" if page=="vbb06""
"v","vbb07","episodes","replace modul="episodes" if page=="vbb07""
"v","vbb08","episodes","replace modul="episodes" if page=="vbb08""
"v","vbb10","episodes","replace modul="episodes" if page=="vbb10""
"v","vbb20","episodes","replace modul="episodes" if page=="vbb20""
"v","vbb21","episodes","replace modul="episodes" if page=="vbb21""
"v","vbc06","episodes","replace modul="episodes" if page=="vbc06""
"v","vbc07","episodes","replace modul="episodes" if page=="vbc07""
"v","vbc08","episodes","replace modul="episodes" if page=="vbc08""
"v","vbc10","episodes","replace modul="episodes" if page=="vbc10""
"v","vbc20","episodes","replace modul="episodes" if page=="vbc20""
"v","vbc21","episodes","replace modul="episodes" if page=="vbc21""
"v","vbd06","episodes","replace modul="episodes" if page=="vbd06""
"v","vbd07","episodes","replace modul="episodes" if page=="vbd07""
"v","vbd08","episodes","replace modul="episodes" if page=="vbd08""
"v","vbd10","episodes","replace modul="episodes" if page=="vbd10""
"v","vbd20","episodes","replace modul="episodes" if page=="vbd20""
"v","vbd21","episodes","replace modul="episodes" if page=="vbd21""
"v","vbz06","episodes","replace modul="episodes" if page=="vbz06""
"v","vbz10","episodes","replace modul="episodes" if page=="vbz10""
"v","vba23","episodes","replace modul="episodes" if page=="vba23""
"v","vba24","episodes","replace modul="episodes" if page=="vba24""
"v","vba25","episodes","replace modul="episodes" if page=="vba25""
"v","vba29","episodes","replace modul="episodes" if page=="vba29""
"v","vba30","episodes","replace modul="episodes" if page=="vba30""
"v","vca01","episodes","replace modul="episodes" if page=="vca01""
"v","vca05","episodes","replace modul="episodes" if page=="vca05""
"v","vca06","episodes","replace modul="episodes" if page=="vca06""
"v","vca07","episodes","replace modul="episodes" if page=="vca07""
"v","vca08","episodes","replace modul="episodes" if page=="vca08""
"v","vca10","episodes","replace modul="episodes" if page=="vca10""
"v","vca20","episodes","replace modul="episodes" if page=="vca20""
"v","vca21","episodes","replace modul="episodes" if page=="vca21""
"v","vcb06","episodes","replace modul="episodes" if page=="vcb06""
"v","vcb07","episodes","replace modul="episodes" if page=="vcb07""
"v","vcb08","episodes","replace modul="episodes" if page=="vcb08""
"v","vcb10","episodes","replace modul="episodes" if page=="vcb10""
"v","vcb20","episodes","replace modul="episodes" if page=="vcb20""
"v","vcb21","episodes","replace modul="episodes" if page=="vcb21""
"v","vcc06","episodes","replace modul="episodes" if page=="vcc06""
"v","vcc07","episodes","replace modul="episodes" if page=="vcc07""
"v","vcc08","episodes","replace modul="episodes" if page=="vcc08""
"v","vcc10","episodes","replace modul="episodes" if page=="vcc10""
"v","vcc20","episodes","replace modul="episodes" if page=="vcc20""
"v","vcc21","episodes","replace modul="episodes" if page=="vcc21""
"v","vcz06","episodes","replace modul="episodes" if page=="vcz06""
"v","vcz10","episodes","replace modul="episodes" if page=="vcz10""
"v","vca23","episodes","replace modul="episodes" if page=="vca23""
"v","vca24","episodes","replace modul="episodes" if page=="vca24""
"v","vca25","episodes","replace modul="episodes" if page=="vca25""
"v","vca29","episodes","replace modul="episodes" if page=="vca29""
"v","vca30","episodes","replace modul="episodes" if page=="vca30""
"v","vda01","episodes","replace modul="episodes" if page=="vda01""
"v","vda05","episodes","replace modul="episodes" if page=="vda05""
"v","vda06","episodes","replace modul="episodes" if page=="vda06""
"v","vda07","episodes","replace modul="episodes" if page=="vda07""
"v","vda08","episodes","replace modul="episodes" if page=="vda08""
"v","vda10","episodes","replace modul="episodes" if page=="vda10""
"v","vda20","episodes","replace modul="episodes" if page=="vda20""
"v","vda21","episodes","replace modul="episodes" if page=="vda21""
"v","vdb06","episodes","replace modul="episodes" if page=="vdb06""
"v","vdb07","episodes","replace modul="episodes" if page=="vdb07""
"v","vdb08","episodes","replace modul="episodes" if page=="vdb08""
"v","vdb10","episodes","replace modul="episodes" if page=="vdb10""
"v","vdb20","episodes","replace modul="episodes" if page=="vdb20""
"v","vdb21","episodes","replace modul="episodes" if page=="vdb21""
"v","vdz06","episodes","replace modul="episodes" if page=="vdz06""
"v","vdz10","episodes","replace modul="episodes" if page=="vdz10""
"v","vda23","episodes","replace modul="episodes" if page=="vda23""
"v","vda24","episodes","replace modul="episodes" if page=="vda24""
"v","vda25","episodes","replace modul="episodes" if page=="vda25""
"v","vda29","episodes","replace modul="episodes" if page=="vda29""
"v","vda30","episodes","replace modul="episodes" if page=="vda30""
"v","vea01","episodes","replace modul="episodes" if page=="vea01""
"v","vea05","episodes","replace modul="episodes" if page=="vea05""
"v","vea06","episodes","replace modul="episodes" if page=="vea06""
"v","vea07","episodes","replace modul="episodes" if page=="vea07""
"v","vea08","episodes","replace modul="episodes" if page=="vea08""
"v","vea10","episodes","replace modul="episodes" if page=="vea10""
"v","vea20","episodes","replace modul="episodes" if page=="vea20""
"v","vea21","episodes","replace modul="episodes" if page=="vea21""
"v","vez06","episodes","replace modul="episodes" if page=="vez06""
"v","vez10","episodes","replace modul="episodes" if page=="vez10""
"v","vea23","episodes","replace modul="episodes" if page=="vea23""
"v","vea24","episodes","replace modul="episodes" if page=="vea24""
"v","vea25","episodes","replace modul="episodes" if page=="vea25""
"v","vea29","episodes","replace modul="episodes" if page=="vea29""
"v","vea30","episodes","replace modul="episodes" if page=="vea30""
"v","v0002","episodes","replace modul="episodes" if page=="v0002""
"v","vza01","episodes","replace modul="episodes" if page=="vza01""
"v","vza05","episodes","replace modul="episodes" if page=="vza05""
"v","vza06","episodes","replace modul="episodes" if page=="vza06""
"v","vza10","episodes","replace modul="episodes" if page=="vza10""
"v","vza23","episodes","replace modul="episodes" if page=="vza23""
"v","vza24","episodes","replace modul="episodes" if page=="vza24""
"v","vza25","episodes","replace modul="episodes" if page=="vza25""
"v","vza29","episodes","replace modul="episodes" if page=="vza29""
"zwischen","zwischen_v","zwischen","replace modul="zwischen" if page=="zwischen_v""
"t","t0001","episodes","replace modul="episodes" if page=="t0001""
"t","taa01","episodes","replace modul="episodes" if page=="taa01""
"t","taa05","episodes","replace modul="episodes" if page=="taa05""
"t","taa08","episodes","replace modul="episodes" if page=="taa08""
"t","taa20","episodes","replace modul="episodes" if page=="taa20""
"t","tba01","episodes","replace modul="episodes" if page=="tba01""
"t","tba05","episodes","replace modul="episodes" if page=="tba05""
"t","tba08","episodes","replace modul="episodes" if page=="tba08""
"t","tba20","episodes","replace modul="episodes" if page=="tba20""
"t","tca01","episodes","replace modul="episodes" if page=="tca01""
"t","tca05","episodes","replace modul="episodes" if page=="tca05""
"t","tca08","episodes","replace modul="episodes" if page=="tca08""
"t","tca20","episodes","replace modul="episodes" if page=="tca20""
"t","tda01","episodes","replace modul="episodes" if page=="tda01""
"t","tda05","episodes","replace modul="episodes" if page=="tda05""
"t","tda08","episodes","replace modul="episodes" if page=="tda08""
"t","tda20","episodes","replace modul="episodes" if page=="tda20""
"t","tea01","episodes","replace modul="episodes" if page=="tea01""
"t","tea05","episodes","replace modul="episodes" if page=="tea05""
"t","tea08","episodes","replace modul="episodes" if page=="tea08""
"t","tea20","episodes","replace modul="episodes" if page=="tea20""
"zwischen","zwischen_t","zwischen","replace modul="zwischen" if page=="zwischen_t""
"i","i0001","episodes","replace modul="episodes" if page=="i0001""
"i","iaa01","episodes","replace modul="episodes" if page=="iaa01""
"i","iaa05","episodes","replace modul="episodes" if page=="iaa05""
"i","iaa06","episodes","replace modul="episodes" if page=="iaa06""
"i","iaa11","episodes","replace modul="episodes" if page=="iaa11""
"i","iaa12","episodes","replace modul="episodes" if page=="iaa12""
"i","iaa13","episodes","replace modul="episodes" if page=="iaa13""
"i","iaa14","episodes","replace modul="episodes" if page=="iaa14""
"i","iaa15","episodes","replace modul="episodes" if page=="iaa15""
"i","iaa17","episodes","replace modul="episodes" if page=="iaa17""
"i","iaa18","episodes","replace modul="episodes" if page=="iaa18""
"i","iaa20","episodes","replace modul="episodes" if page=="iaa20""
"i","iaa21","episodes","replace modul="episodes" if page=="iaa21""
"i","iba01","episodes","replace modul="episodes" if page=="iba01""
"i","iba05","episodes","replace modul="episodes" if page=="iba05""
"i","iba06","episodes","replace modul="episodes" if page=="iba06""
"i","iba11","episodes","replace modul="episodes" if page=="iba11""
"i","iba12","episodes","replace modul="episodes" if page=="iba12""
"i","iba13","episodes","replace modul="episodes" if page=="iba13""
"i","iba14","episodes","replace modul="episodes" if page=="iba14""
"i","iba15","episodes","replace modul="episodes" if page=="iba15""
"i","iba17","episodes","replace modul="episodes" if page=="iba17""
"i","iba18","episodes","replace modul="episodes" if page=="iba18""
"i","iba20","episodes","replace modul="episodes" if page=="iba20""
"i","iba21","episodes","replace modul="episodes" if page=="iba21""
"i","ica01","episodes","replace modul="episodes" if page=="ica01""
"i","ica05","episodes","replace modul="episodes" if page=="ica05""
"i","ica06","episodes","replace modul="episodes" if page=="ica06""
"i","ica11","episodes","replace modul="episodes" if page=="ica11""
"i","ica12","episodes","replace modul="episodes" if page=="ica12""
"i","ica13","episodes","replace modul="episodes" if page=="ica13""
"i","ica14","episodes","replace modul="episodes" if page=="ica14""
"i","ica15","episodes","replace modul="episodes" if page=="ica15""
"i","ica17","episodes","replace modul="episodes" if page=="ica17""
"i","ica18","episodes","replace modul="episodes" if page=="ica18""
"i","ica20","episodes","replace modul="episodes" if page=="ica20""
"i","ica21","episodes","replace modul="episodes" if page=="ica21""
"i","ida01","episodes","replace modul="episodes" if page=="ida01""
"i","ida05","episodes","replace modul="episodes" if page=="ida05""
"i","ida06","episodes","replace modul="episodes" if page=="ida06""
"i","ida11","episodes","replace modul="episodes" if page=="ida11""
"i","ida12","episodes","replace modul="episodes" if page=="ida12""
"i","ida13","episodes","replace modul="episodes" if page=="ida13""
"i","ida14","episodes","replace modul="episodes" if page=="ida14""
"i","ida15","episodes","replace modul="episodes" if page=="ida15""
"i","ida17","episodes","replace modul="episodes" if page=="ida17""
"i","ida18","episodes","replace modul="episodes" if page=="ida18""
"i","ida20","episodes","replace modul="episodes" if page=="ida20""
"i","ida21","episodes","replace modul="episodes" if page=="ida21""
"i","iea01","episodes","replace modul="episodes" if page=="iea01""
"i","iea05","episodes","replace modul="episodes" if page=="iea05""
"i","iea06","episodes","replace modul="episodes" if page=="iea06""
"i","iea11","episodes","replace modul="episodes" if page=="iea11""
"i","iea12","episodes","replace modul="episodes" if page=="iea12""
"i","iea13","episodes","replace modul="episodes" if page=="iea13""
"i","iea14","episodes","replace modul="episodes" if page=="iea14""
"i","iea15","episodes","replace modul="episodes" if page=="iea15""
"i","iea17","episodes","replace modul="episodes" if page=="iea17""
"i","iea18","episodes","replace modul="episodes" if page=="iea18""
"i","iea20","episodes","replace modul="episodes" if page=="iea20""
"i","iea21","episodes","replace modul="episodes" if page=="iea21""
"i","iza01","episodes","replace modul="episodes" if page=="iza01""
"i","iza05","episodes","replace modul="episodes" if page=="iza05""
"i","iza06","episodes","replace modul="episodes" if page=="iza06""
"i","iza11","episodes","replace modul="episodes" if page=="iza11""
"i","iza12","episodes","replace modul="episodes" if page=="iza12""
"zwischen","zwischen_i","zwischen","replace modul="zwischen" if page=="zwischen_i""
"em","em0001","episodes","replace modul="episodes" if page=="em0001""
"em","emaa01","episodes","replace modul="episodes" if page=="emaa01""
"em","emaa06","episodes","replace modul="episodes" if page=="emaa06""
"em","emaa09","episodes","replace modul="episodes" if page=="emaa09""
"em","emaa11","episodes","replace modul="episodes" if page=="emaa11""
"em","emaa12","episodes","replace modul="episodes" if page=="emaa12""
"em","emaa13","episodes","replace modul="episodes" if page=="emaa13""
"em","emaa14","episodes","replace modul="episodes" if page=="emaa14""
"em","emaa16","episodes","replace modul="episodes" if page=="emaa16""
"em","emaa22","episodes","replace modul="episodes" if page=="emaa22""
"em","emaa24","episodes","replace modul="episodes" if page=="emaa24""
"em","emaa26","episodes","replace modul="episodes" if page=="emaa26""
"em","emaa28","episodes","replace modul="episodes" if page=="emaa28""
"em","emaa31","episodes","replace modul="episodes" if page=="emaa31""
"em","emaa33","episodes","replace modul="episodes" if page=="emaa33""
"em","emaa35","episodes","replace modul="episodes" if page=="emaa35""
"em","emaa37","episodes","replace modul="episodes" if page=="emaa37""
"em","emaa38","episodes","replace modul="episodes" if page=="emaa38""
"em","emaa39","episodes","replace modul="episodes" if page=="emaa39""
"em","emaa40","episodes","replace modul="episodes" if page=="emaa40""
"em","emab06","episodes","replace modul="episodes" if page=="emab06""
"em","emab09","episodes","replace modul="episodes" if page=="emab09""
"em","emab11","episodes","replace modul="episodes" if page=="emab11""
"em","emab12","episodes","replace modul="episodes" if page=="emab12""
"em","emab13","episodes","replace modul="episodes" if page=="emab13""
"em","emab14","episodes","replace modul="episodes" if page=="emab14""
"em","emab16","episodes","replace modul="episodes" if page=="emab16""
"em","emab22","episodes","replace modul="episodes" if page=="emab22""
"em","emab24","episodes","replace modul="episodes" if page=="emab24""
"em","emab26","episodes","replace modul="episodes" if page=="emab26""
"em","emab28","episodes","replace modul="episodes" if page=="emab28""
"em","emab31","episodes","replace modul="episodes" if page=="emab31""
"em","emab33","episodes","replace modul="episodes" if page=="emab33""
"em","emab35","episodes","replace modul="episodes" if page=="emab35""
"em","emab37","episodes","replace modul="episodes" if page=="emab37""
"em","emab38","episodes","replace modul="episodes" if page=="emab38""
"em","emac06","episodes","replace modul="episodes" if page=="emac06""
"em","emac09","episodes","replace modul="episodes" if page=="emac09""
"em","emac11","episodes","replace modul="episodes" if page=="emac11""
"em","emac12","episodes","replace modul="episodes" if page=="emac12""
"em","emac13","episodes","replace modul="episodes" if page=="emac13""
"em","emac14","episodes","replace modul="episodes" if page=="emac14""
"em","emac16","episodes","replace modul="episodes" if page=="emac16""
"em","emac22","episodes","replace modul="episodes" if page=="emac22""
"em","emac24","episodes","replace modul="episodes" if page=="emac24""
"em","emac26","episodes","replace modul="episodes" if page=="emac26""
"em","emac28","episodes","replace modul="episodes" if page=="emac28""
"em","emac31","episodes","replace modul="episodes" if page=="emac31""
"em","emac33","episodes","replace modul="episodes" if page=="emac33""
"em","emac35","episodes","replace modul="episodes" if page=="emac35""
"em","emac37","episodes","replace modul="episodes" if page=="emac37""
"em","emac38","episodes","replace modul="episodes" if page=="emac38""
"em","emad06","episodes","replace modul="episodes" if page=="emad06""
"em","emad09","episodes","replace modul="episodes" if page=="emad09""
"em","emad11","episodes","replace modul="episodes" if page=="emad11""
"em","emad12","episodes","replace modul="episodes" if page=="emad12""
"em","emad13","episodes","replace modul="episodes" if page=="emad13""
"em","emad14","episodes","replace modul="episodes" if page=="emad14""
"em","emad16","episodes","replace modul="episodes" if page=="emad16""
"em","emad22","episodes","replace modul="episodes" if page=="emad22""
"em","emad24","episodes","replace modul="episodes" if page=="emad24""
"em","emad26","episodes","replace modul="episodes" if page=="emad26""
"em","emad28","episodes","replace modul="episodes" if page=="emad28""
"em","emad31","episodes","replace modul="episodes" if page=="emad31""
"em","emad33","episodes","replace modul="episodes" if page=="emad33""
"em","emad35","episodes","replace modul="episodes" if page=="emad35""
"em","emad37","episodes","replace modul="episodes" if page=="emad37""
"em","emad38","episodes","replace modul="episodes" if page=="emad38""
"em","emae06","episodes","replace modul="episodes" if page=="emae06""
"em","emae09","episodes","replace modul="episodes" if page=="emae09""
"em","emae11","episodes","replace modul="episodes" if page=="emae11""
"em","emae12","episodes","replace modul="episodes" if page=="emae12""
"em","emae13","episodes","replace modul="episodes" if page=="emae13""
"em","emae14","episodes","replace modul="episodes" if page=="emae14""
"em","emae16","episodes","replace modul="episodes" if page=="emae16""
"em","emae22","episodes","replace modul="episodes" if page=="emae22""
"em","emae24","episodes","replace modul="episodes" if page=="emae24""
"em","emae26","episodes","replace modul="episodes" if page=="emae26""
"em","emae28","episodes","replace modul="episodes" if page=="emae28""
"em","emae31","episodes","replace modul="episodes" if page=="emae31""
"em","emae33","episodes","replace modul="episodes" if page=="emae33""
"em","emae35","episodes","replace modul="episodes" if page=="emae35""
"em","emae37","episodes","replace modul="episodes" if page=="emae37""
"em","emae38","episodes","replace modul="episodes" if page=="emae38""
"em","emaf06","episodes","replace modul="episodes" if page=="emaf06""
"em","emaf09","episodes","replace modul="episodes" if page=="emaf09""
"em","emaf11","episodes","replace modul="episodes" if page=="emaf11""
"em","emaf12","episodes","replace modul="episodes" if page=="emaf12""
"em","emaf13","episodes","replace modul="episodes" if page=="emaf13""
"em","emaf14","episodes","replace modul="episodes" if page=="emaf14""
"em","emaf16","episodes","replace modul="episodes" if page=="emaf16""
"em","emaf22","episodes","replace modul="episodes" if page=="emaf22""
"em","emaf24","episodes","replace modul="episodes" if page=="emaf24""
"em","emaf26","episodes","replace modul="episodes" if page=="emaf26""
"em","emaf28","episodes","replace modul="episodes" if page=="emaf28""
"em","emaf31","episodes","replace modul="episodes" if page=="emaf31""
"em","emaf33","episodes","replace modul="episodes" if page=="emaf33""
"em","emaf35","episodes","replace modul="episodes" if page=="emaf35""
"em","emaf37","episodes","replace modul="episodes" if page=="emaf37""
"em","emaf38","episodes","replace modul="episodes" if page=="emaf38""
"em","emaa42","episodes","replace modul="episodes" if page=="emaa42""
"em","emaa43","episodes","replace modul="episodes" if page=="emaa43""
"em","emaa45","episodes","replace modul="episodes" if page=="emaa45""
"em","emaa46","episodes","replace modul="episodes" if page=="emaa46""
"em","emaa47","episodes","replace modul="episodes" if page=="emaa47""
"em","emaa48","episodes","replace modul="episodes" if page=="emaa48""
"em","emaa50","episodes","replace modul="episodes" if page=="emaa50""
"em","emaa51","episodes","replace modul="episodes" if page=="emaa51""
"em","emaa64","episodes","replace modul="episodes" if page=="emaa64""
"em","emba01","episodes","replace modul="episodes" if page=="emba01""
"em","emba06","episodes","replace modul="episodes" if page=="emba06""
"em","emba09","episodes","replace modul="episodes" if page=="emba09""
"em","emba11","episodes","replace modul="episodes" if page=="emba11""
"em","emba12","episodes","replace modul="episodes" if page=="emba12""
"em","emba13","episodes","replace modul="episodes" if page=="emba13""
"em","emba14","episodes","replace modul="episodes" if page=="emba14""
"em","emba16","episodes","replace modul="episodes" if page=="emba16""
"em","emba22","episodes","replace modul="episodes" if page=="emba22""
"em","emba24","episodes","replace modul="episodes" if page=="emba24""
"em","emba26","episodes","replace modul="episodes" if page=="emba26""
"em","emba28","episodes","replace modul="episodes" if page=="emba28""
"em","emba31","episodes","replace modul="episodes" if page=="emba31""
"em","emba33","episodes","replace modul="episodes" if page=="emba33""
"em","emba35","episodes","replace modul="episodes" if page=="emba35""
"em","emba37","episodes","replace modul="episodes" if page=="emba37""
"em","emba38","episodes","replace modul="episodes" if page=="emba38""
"em","emba39","episodes","replace modul="episodes" if page=="emba39""
"em","emba40","episodes","replace modul="episodes" if page=="emba40""
"em","embb06","episodes","replace modul="episodes" if page=="embb06""
"em","embb09","episodes","replace modul="episodes" if page=="embb09""
"em","embb11","episodes","replace modul="episodes" if page=="embb11""
"em","embb12","episodes","replace modul="episodes" if page=="embb12""
"em","embb13","episodes","replace modul="episodes" if page=="embb13""
"em","embb14","episodes","replace modul="episodes" if page=="embb14""
"em","embb16","episodes","replace modul="episodes" if page=="embb16""
"em","embb22","episodes","replace modul="episodes" if page=="embb22""
"em","embb24","episodes","replace modul="episodes" if page=="embb24""
"em","embb26","episodes","replace modul="episodes" if page=="embb26""
"em","embb28","episodes","replace modul="episodes" if page=="embb28""
"em","embb31","episodes","replace modul="episodes" if page=="embb31""
"em","embb33","episodes","replace modul="episodes" if page=="embb33""
"em","embb35","episodes","replace modul="episodes" if page=="embb35""
"em","embb37","episodes","replace modul="episodes" if page=="embb37""
"em","embb38","episodes","replace modul="episodes" if page=="embb38""
"em","embc06","episodes","replace modul="episodes" if page=="embc06""
"em","embc09","episodes","replace modul="episodes" if page=="embc09""
"em","embc11","episodes","replace modul="episodes" if page=="embc11""
"em","embc12","episodes","replace modul="episodes" if page=="embc12""
"em","embc13","episodes","replace modul="episodes" if page=="embc13""
"em","embc14","episodes","replace modul="episodes" if page=="embc14""
"em","embc16","episodes","replace modul="episodes" if page=="embc16""
"em","embc22","episodes","replace modul="episodes" if page=="embc22""
"em","embc24","episodes","replace modul="episodes" if page=="embc24""
"em","embc26","episodes","replace modul="episodes" if page=="embc26""
"em","embc28","episodes","replace modul="episodes" if page=="embc28""
"em","embc31","episodes","replace modul="episodes" if page=="embc31""
"em","embc33","episodes","replace modul="episodes" if page=="embc33""
"em","embc35","episodes","replace modul="episodes" if page=="embc35""
"em","embc37","episodes","replace modul="episodes" if page=="embc37""
"em","embc38","episodes","replace modul="episodes" if page=="embc38""
"em","embd06","episodes","replace modul="episodes" if page=="embd06""
"em","embd09","episodes","replace modul="episodes" if page=="embd09""
"em","embd11","episodes","replace modul="episodes" if page=="embd11""
"em","embd12","episodes","replace modul="episodes" if page=="embd12""
"em","embd13","episodes","replace modul="episodes" if page=="embd13""
"em","embd14","episodes","replace modul="episodes" if page=="embd14""
"em","embd16","episodes","replace modul="episodes" if page=="embd16""
"em","embd22","episodes","replace modul="episodes" if page=="embd22""
"em","embd24","episodes","replace modul="episodes" if page=="embd24""
"em","embd26","episodes","replace modul="episodes" if page=="embd26""
"em","embd28","episodes","replace modul="episodes" if page=="embd28""
"em","embd31","episodes","replace modul="episodes" if page=="embd31""
"em","embd33","episodes","replace modul="episodes" if page=="embd33""
"em","embd35","episodes","replace modul="episodes" if page=="embd35""
"em","embd37","episodes","replace modul="episodes" if page=="embd37""
"em","embd38","episodes","replace modul="episodes" if page=="embd38""
"em","embe06","episodes","replace modul="episodes" if page=="embe06""
"em","embe09","episodes","replace modul="episodes" if page=="embe09""
"em","embe11","episodes","replace modul="episodes" if page=="embe11""
"em","embe12","episodes","replace modul="episodes" if page=="embe12""
"em","embe13","episodes","replace modul="episodes" if page=="embe13""
"em","embe14","episodes","replace modul="episodes" if page=="embe14""
"em","embe16","episodes","replace modul="episodes" if page=="embe16""
"em","embe22","episodes","replace modul="episodes" if page=="embe22""
"em","embe24","episodes","replace modul="episodes" if page=="embe24""
"em","embe26","episodes","replace modul="episodes" if page=="embe26""
"em","embe28","episodes","replace modul="episodes" if page=="embe28""
"em","embe31","episodes","replace modul="episodes" if page=="embe31""
"em","embe33","episodes","replace modul="episodes" if page=="embe33""
"em","embe35","episodes","replace modul="episodes" if page=="embe35""
"em","embe37","episodes","replace modul="episodes" if page=="embe37""
"em","embe38","episodes","replace modul="episodes" if page=="embe38""
"em","emba42","episodes","replace modul="episodes" if page=="emba42""
"em","emba43","episodes","replace modul="episodes" if page=="emba43""
"em","emba45","episodes","replace modul="episodes" if page=="emba45""
"em","emba46","episodes","replace modul="episodes" if page=="emba46""
"em","emba47","episodes","replace modul="episodes" if page=="emba47""
"em","emba48","episodes","replace modul="episodes" if page=="emba48""
"em","emba50","episodes","replace modul="episodes" if page=="emba50""
"em","emba51","episodes","replace modul="episodes" if page=="emba51""
"em","emba64","episodes","replace modul="episodes" if page=="emba64""
"em","emca01","episodes","replace modul="episodes" if page=="emca01""
"em","emca06","episodes","replace modul="episodes" if page=="emca06""
"em","emca09","episodes","replace modul="episodes" if page=="emca09""
"em","emca11","episodes","replace modul="episodes" if page=="emca11""
"em","emca12","episodes","replace modul="episodes" if page=="emca12""
"em","emca13","episodes","replace modul="episodes" if page=="emca13""
"em","emca14","episodes","replace modul="episodes" if page=="emca14""
"em","emca16","episodes","replace modul="episodes" if page=="emca16""
"em","emca22","episodes","replace modul="episodes" if page=="emca22""
"em","emca24","episodes","replace modul="episodes" if page=="emca24""
"em","emca26","episodes","replace modul="episodes" if page=="emca26""
"em","emca28","episodes","replace modul="episodes" if page=="emca28""
"em","emca31","episodes","replace modul="episodes" if page=="emca31""
"em","emca33","episodes","replace modul="episodes" if page=="emca33""
"em","emca35","episodes","replace modul="episodes" if page=="emca35""
"em","emca37","episodes","replace modul="episodes" if page=="emca37""
"em","emca38","episodes","replace modul="episodes" if page=="emca38""
"em","emca39","episodes","replace modul="episodes" if page=="emca39""
"em","emca40","episodes","replace modul="episodes" if page=="emca40""
"em","emcb06","episodes","replace modul="episodes" if page=="emcb06""
"em","emcb09","episodes","replace modul="episodes" if page=="emcb09""
"em","emcb11","episodes","replace modul="episodes" if page=="emcb11""
"em","emcb12","episodes","replace modul="episodes" if page=="emcb12""
"em","emcb13","episodes","replace modul="episodes" if page=="emcb13""
"em","emcb14","episodes","replace modul="episodes" if page=="emcb14""
"em","emcb16","episodes","replace modul="episodes" if page=="emcb16""
"em","emcb22","episodes","replace modul="episodes" if page=="emcb22""
"em","emcb24","episodes","replace modul="episodes" if page=="emcb24""
"em","emcb26","episodes","replace modul="episodes" if page=="emcb26""
"em","emcb28","episodes","replace modul="episodes" if page=="emcb28""
"em","emcb31","episodes","replace modul="episodes" if page=="emcb31""
"em","emcb33","episodes","replace modul="episodes" if page=="emcb33""
"em","emcb35","episodes","replace modul="episodes" if page=="emcb35""
"em","emcb37","episodes","replace modul="episodes" if page=="emcb37""
"em","emcb38","episodes","replace modul="episodes" if page=="emcb38""
"em","emcc06","episodes","replace modul="episodes" if page=="emcc06""
"em","emcc09","episodes","replace modul="episodes" if page=="emcc09""
"em","emcc11","episodes","replace modul="episodes" if page=="emcc11""
"em","emcc12","episodes","replace modul="episodes" if page=="emcc12""
"em","emcc13","episodes","replace modul="episodes" if page=="emcc13""
"em","emcc14","episodes","replace modul="episodes" if page=="emcc14""
"em","emcc16","episodes","replace modul="episodes" if page=="emcc16""
"em","emcc22","episodes","replace modul="episodes" if page=="emcc22""
"em","emcc24","episodes","replace modul="episodes" if page=="emcc24""
"em","emcc26","episodes","replace modul="episodes" if page=="emcc26""
"em","emcc28","episodes","replace modul="episodes" if page=="emcc28""
"em","emcc31","episodes","replace modul="episodes" if page=="emcc31""
"em","emcc33","episodes","replace modul="episodes" if page=="emcc33""
"em","emcc35","episodes","replace modul="episodes" if page=="emcc35""
"em","emcc37","episodes","replace modul="episodes" if page=="emcc37""
"em","emcc38","episodes","replace modul="episodes" if page=="emcc38""
"em","emcd06","episodes","replace modul="episodes" if page=="emcd06""
"em","emcd09","episodes","replace modul="episodes" if page=="emcd09""
"em","emcd11","episodes","replace modul="episodes" if page=="emcd11""
"em","emcd12","episodes","replace modul="episodes" if page=="emcd12""
"em","emcd13","episodes","replace modul="episodes" if page=="emcd13""
"em","emcd14","episodes","replace modul="episodes" if page=="emcd14""
"em","emcd16","episodes","replace modul="episodes" if page=="emcd16""
"em","emcd22","episodes","replace modul="episodes" if page=="emcd22""
"em","emcd24","episodes","replace modul="episodes" if page=="emcd24""
"em","emcd26","episodes","replace modul="episodes" if page=="emcd26""
"em","emcd28","episodes","replace modul="episodes" if page=="emcd28""
"em","emcd31","episodes","replace modul="episodes" if page=="emcd31""
"em","emcd33","episodes","replace modul="episodes" if page=="emcd33""
"em","emcd35","episodes","replace modul="episodes" if page=="emcd35""
"em","emcd37","episodes","replace modul="episodes" if page=="emcd37""
"em","emcd38","episodes","replace modul="episodes" if page=="emcd38""
"em","emca42","episodes","replace modul="episodes" if page=="emca42""
"em","emca43","episodes","replace modul="episodes" if page=="emca43""
"em","emca45","episodes","replace modul="episodes" if page=="emca45""
"em","emca46","episodes","replace modul="episodes" if page=="emca46""
"em","emca47","episodes","replace modul="episodes" if page=="emca47""
"em","emca48","episodes","replace modul="episodes" if page=="emca48""
"em","emca50","episodes","replace modul="episodes" if page=="emca50""
"em","emca51","episodes","replace modul="episodes" if page=="emca51""
"em","emca64","episodes","replace modul="episodes" if page=="emca64""
"em","emda01","episodes","replace modul="episodes" if page=="emda01""
"em","emda06","episodes","replace modul="episodes" if page=="emda06""
"em","emda09","episodes","replace modul="episodes" if page=="emda09""
"em","emda11","episodes","replace modul="episodes" if page=="emda11""
"em","emda12","episodes","replace modul="episodes" if page=="emda12""
"em","emda13","episodes","replace modul="episodes" if page=="emda13""
"em","emda14","episodes","replace modul="episodes" if page=="emda14""
"em","emda16","episodes","replace modul="episodes" if page=="emda16""
"em","emda22","episodes","replace modul="episodes" if page=="emda22""
"em","emda24","episodes","replace modul="episodes" if page=="emda24""
"em","emda26","episodes","replace modul="episodes" if page=="emda26""
"em","emda28","episodes","replace modul="episodes" if page=="emda28""
"em","emda31","episodes","replace modul="episodes" if page=="emda31""
"em","emda33","episodes","replace modul="episodes" if page=="emda33""
"em","emda35","episodes","replace modul="episodes" if page=="emda35""
"em","emda37","episodes","replace modul="episodes" if page=="emda37""
"em","emda38","episodes","replace modul="episodes" if page=="emda38""
"em","emda39","episodes","replace modul="episodes" if page=="emda39""
"em","emda40","episodes","replace modul="episodes" if page=="emda40""
"em","emdb06","episodes","replace modul="episodes" if page=="emdb06""
"em","emdb09","episodes","replace modul="episodes" if page=="emdb09""
"em","emdb11","episodes","replace modul="episodes" if page=="emdb11""
"em","emdb12","episodes","replace modul="episodes" if page=="emdb12""
"em","emdb13","episodes","replace modul="episodes" if page=="emdb13""
"em","emdb14","episodes","replace modul="episodes" if page=="emdb14""
"em","emdb16","episodes","replace modul="episodes" if page=="emdb16""
"em","emdb22","episodes","replace modul="episodes" if page=="emdb22""
"em","emdb24","episodes","replace modul="episodes" if page=="emdb24""
"em","emdb26","episodes","replace modul="episodes" if page=="emdb26""
"em","emdb28","episodes","replace modul="episodes" if page=="emdb28""
"em","emdb31","episodes","replace modul="episodes" if page=="emdb31""
"em","emdb33","episodes","replace modul="episodes" if page=="emdb33""
"em","emdb35","episodes","replace modul="episodes" if page=="emdb35""
"em","emdb37","episodes","replace modul="episodes" if page=="emdb37""
"em","emdb38","episodes","replace modul="episodes" if page=="emdb38""
"em","emdc06","episodes","replace modul="episodes" if page=="emdc06""
"em","emdc09","episodes","replace modul="episodes" if page=="emdc09""
"em","emdc11","episodes","replace modul="episodes" if page=="emdc11""
"em","emdc12","episodes","replace modul="episodes" if page=="emdc12""
"em","emdc13","episodes","replace modul="episodes" if page=="emdc13""
"em","emdc14","episodes","replace modul="episodes" if page=="emdc14""
"em","emdc16","episodes","replace modul="episodes" if page=="emdc16""
"em","emdc22","episodes","replace modul="episodes" if page=="emdc22""
"em","emdc24","episodes","replace modul="episodes" if page=="emdc24""
"em","emdc26","episodes","replace modul="episodes" if page=="emdc26""
"em","emdc28","episodes","replace modul="episodes" if page=="emdc28""
"em","emdc31","episodes","replace modul="episodes" if page=="emdc31""
"em","emdc33","episodes","replace modul="episodes" if page=="emdc33""
"em","emdc35","episodes","replace modul="episodes" if page=="emdc35""
"em","emdc37","episodes","replace modul="episodes" if page=="emdc37""
"em","emdc38","episodes","replace modul="episodes" if page=="emdc38""
"em","emda42","episodes","replace modul="episodes" if page=="emda42""
"em","emda43","episodes","replace modul="episodes" if page=="emda43""
"em","emda45","episodes","replace modul="episodes" if page=="emda45""
"em","emda46","episodes","replace modul="episodes" if page=="emda46""
"em","emda47","episodes","replace modul="episodes" if page=="emda47""
"em","emda48","episodes","replace modul="episodes" if page=="emda48""
"em","emda50","episodes","replace modul="episodes" if page=="emda50""
"em","emda51","episodes","replace modul="episodes" if page=="emda51""
"em","emda64","episodes","replace modul="episodes" if page=="emda64""
"em","emea01","episodes","replace modul="episodes" if page=="emea01""
"em","emea06","episodes","replace modul="episodes" if page=="emea06""
"em","emea09","episodes","replace modul="episodes" if page=="emea09""
"em","emea11","episodes","replace modul="episodes" if page=="emea11""
"em","emea12","episodes","replace modul="episodes" if page=="emea12""
"em","emea13","episodes","replace modul="episodes" if page=="emea13""
"em","emea14","episodes","replace modul="episodes" if page=="emea14""
"em","emea16","episodes","replace modul="episodes" if page=="emea16""
"em","emea22","episodes","replace modul="episodes" if page=="emea22""
"em","emea24","episodes","replace modul="episodes" if page=="emea24""
"em","emea26","episodes","replace modul="episodes" if page=="emea26""
"em","emea28","episodes","replace modul="episodes" if page=="emea28""
"em","emea31","episodes","replace modul="episodes" if page=="emea31""
"em","emea33","episodes","replace modul="episodes" if page=="emea33""
"em","emea35","episodes","replace modul="episodes" if page=="emea35""
"em","emea37","episodes","replace modul="episodes" if page=="emea37""
"em","emea38","episodes","replace modul="episodes" if page=="emea38""
"em","emea39","episodes","replace modul="episodes" if page=="emea39""
"em","emea40","episodes","replace modul="episodes" if page=="emea40""
"em","emeb06","episodes","replace modul="episodes" if page=="emeb06""
"em","emeb09","episodes","replace modul="episodes" if page=="emeb09""
"em","emeb11","episodes","replace modul="episodes" if page=="emeb11""
"em","emeb12","episodes","replace modul="episodes" if page=="emeb12""
"em","emeb13","episodes","replace modul="episodes" if page=="emeb13""
"em","emeb14","episodes","replace modul="episodes" if page=="emeb14""
"em","emeb16","episodes","replace modul="episodes" if page=="emeb16""
"em","emeb22","episodes","replace modul="episodes" if page=="emeb22""
"em","emeb24","episodes","replace modul="episodes" if page=="emeb24""
"em","emeb26","episodes","replace modul="episodes" if page=="emeb26""
"em","emeb28","episodes","replace modul="episodes" if page=="emeb28""
"em","emeb31","episodes","replace modul="episodes" if page=="emeb31""
"em","emeb33","episodes","replace modul="episodes" if page=="emeb33""
"em","emeb35","episodes","replace modul="episodes" if page=="emeb35""
"em","emeb37","episodes","replace modul="episodes" if page=="emeb37""
"em","emeb38","episodes","replace modul="episodes" if page=="emeb38""
"em","emea42","episodes","replace modul="episodes" if page=="emea42""
"em","emea43","episodes","replace modul="episodes" if page=="emea43""
"em","emea45","episodes","replace modul="episodes" if page=="emea45""
"em","emea46","episodes","replace modul="episodes" if page=="emea46""
"em","emea47","episodes","replace modul="episodes" if page=="emea47""
"em","emea48","episodes","replace modul="episodes" if page=="emea48""
"em","emea50","episodes","replace modul="episodes" if page=="emea50""
"em","emea51","episodes","replace modul="episodes" if page=="emea51""
"em","emea64","episodes","replace modul="episodes" if page=="emea64""
"em","emfa01","episodes","replace modul="episodes" if page=="emfa01""
"em","emfa06","episodes","replace modul="episodes" if page=="emfa06""
"em","emfa09","episodes","replace modul="episodes" if page=="emfa09""
"em","emfa11","episodes","replace modul="episodes" if page=="emfa11""
"em","emfa12","episodes","replace modul="episodes" if page=="emfa12""
"em","emfa13","episodes","replace modul="episodes" if page=="emfa13""
"em","emfa14","episodes","replace modul="episodes" if page=="emfa14""
"em","emfa16","episodes","replace modul="episodes" if page=="emfa16""
"em","emfa22","episodes","replace modul="episodes" if page=="emfa22""
"em","emfa24","episodes","replace modul="episodes" if page=="emfa24""
"em","emfa26","episodes","replace modul="episodes" if page=="emfa26""
"em","emfa28","episodes","replace modul="episodes" if page=="emfa28""
"em","emfa31","episodes","replace modul="episodes" if page=="emfa31""
"em","emfa33","episodes","replace modul="episodes" if page=="emfa33""
"em","emfa35","episodes","replace modul="episodes" if page=="emfa35""
"em","emfa37","episodes","replace modul="episodes" if page=="emfa37""
"em","emfa38","episodes","replace modul="episodes" if page=="emfa38""
"em","emfa39","episodes","replace modul="episodes" if page=="emfa39""
"em","emfa40","episodes","replace modul="episodes" if page=="emfa40""
"em","em0002","episodes","replace modul="episodes" if page=="em0002""
"em","emfa42","episodes","replace modul="episodes" if page=="emfa42""
"em","emfa43","episodes","replace modul="episodes" if page=="emfa43""
"em","emfa45","episodes","replace modul="episodes" if page=="emfa45""
"em","emfa46","episodes","replace modul="episodes" if page=="emfa46""
"em","emfa47","episodes","replace modul="episodes" if page=="emfa47""
"em","emfa48","episodes","replace modul="episodes" if page=="emfa48""
"em","emfa50","episodes","replace modul="episodes" if page=="emfa50""
"em","emfa51","episodes","replace modul="episodes" if page=="emfa51""
"em","emfa64","episodes","replace modul="episodes" if page=="emfa64""
"em","em0004","episodes","replace modul="episodes" if page=="em0004""
"em","em0065","episodes","replace modul="episodes" if page=="em0065""
"em","em0009","episodes","replace modul="episodes" if page=="em0009""
"em","em0011","episodes","replace modul="episodes" if page=="em0011""
"em","em0012","episodes","replace modul="episodes" if page=="em0012""
"em","em0016","episodes","replace modul="episodes" if page=="em0016""
"em","em0024","episodes","replace modul="episodes" if page=="em0024""
"em","em0028","episodes","replace modul="episodes" if page=="em0028""
"em","em0033","episodes","replace modul="episodes" if page=="em0033""
"em","em0037","episodes","replace modul="episodes" if page=="em0037""
"em","em0038","episodes","replace modul="episodes" if page=="em0038""
"em","em0039","episodes","replace modul="episodes" if page=="em0039""
"em","em0040","episodes","replace modul="episodes" if page=="em0040""
"em","em0042","episodes","replace modul="episodes" if page=="em0042""
"em","em0043","episodes","replace modul="episodes" if page=="em0043""
"em","em0045","episodes","replace modul="episodes" if page=="em0045""
"em","em0046","episodes","replace modul="episodes" if page=="em0046""
"em","em0047","episodes","replace modul="episodes" if page=="em0047""
"em","em0048","episodes","replace modul="episodes" if page=="em0048""
"em","em0050","episodes","replace modul="episodes" if page=="em0050""
"em","em0051","episodes","replace modul="episodes" if page=="em0051""
"se","seaa01","episodes","replace modul="episodes" if page=="seaa01""
"se","seaa06","episodes","replace modul="episodes" if page=="seaa06""
"se","seaa09","episodes","replace modul="episodes" if page=="seaa09""
"se","seaa11","episodes","replace modul="episodes" if page=="seaa11""
"se","seaa12","episodes","replace modul="episodes" if page=="seaa12""
"se","seaa15","episodes","replace modul="episodes" if page=="seaa15""
"se","seaa17","episodes","replace modul="episodes" if page=="seaa17""
"se","seaa23","episodes","replace modul="episodes" if page=="seaa23""
"se","seaa25","episodes","replace modul="episodes" if page=="seaa25""
"se","seaa31","episodes","replace modul="episodes" if page=="seaa31""
"se","seaa33","episodes","replace modul="episodes" if page=="seaa33""
"se","seaa39","episodes","replace modul="episodes" if page=="seaa39""
"se","seaa41","episodes","replace modul="episodes" if page=="seaa41""
"se","seaa47","episodes","replace modul="episodes" if page=="seaa47""
"se","seaa49","episodes","replace modul="episodes" if page=="seaa49""
"se","seab06","episodes","replace modul="episodes" if page=="seab06""
"se","seab09","episodes","replace modul="episodes" if page=="seab09""
"se","seab11","episodes","replace modul="episodes" if page=="seab11""
"se","seab12","episodes","replace modul="episodes" if page=="seab12""
"se","seab15","episodes","replace modul="episodes" if page=="seab15""
"se","seab17","episodes","replace modul="episodes" if page=="seab17""
"se","seab23","episodes","replace modul="episodes" if page=="seab23""
"se","seab25","episodes","replace modul="episodes" if page=="seab25""
"se","seab31","episodes","replace modul="episodes" if page=="seab31""
"se","seab33","episodes","replace modul="episodes" if page=="seab33""
"se","seab39","episodes","replace modul="episodes" if page=="seab39""
"se","seab41","episodes","replace modul="episodes" if page=="seab41""
"se","seab47","episodes","replace modul="episodes" if page=="seab47""
"se","seab49","episodes","replace modul="episodes" if page=="seab49""
"se","seac06","episodes","replace modul="episodes" if page=="seac06""
"se","seac09","episodes","replace modul="episodes" if page=="seac09""
"se","seac11","episodes","replace modul="episodes" if page=="seac11""
"se","seac12","episodes","replace modul="episodes" if page=="seac12""
"se","seac15","episodes","replace modul="episodes" if page=="seac15""
"se","seac17","episodes","replace modul="episodes" if page=="seac17""
"se","seac23","episodes","replace modul="episodes" if page=="seac23""
"se","seac25","episodes","replace modul="episodes" if page=="seac25""
"se","seac31","episodes","replace modul="episodes" if page=="seac31""
"se","seac33","episodes","replace modul="episodes" if page=="seac33""
"se","seac39","episodes","replace modul="episodes" if page=="seac39""
"se","seac41","episodes","replace modul="episodes" if page=="seac41""
"se","seac47","episodes","replace modul="episodes" if page=="seac47""
"se","seac49","episodes","replace modul="episodes" if page=="seac49""
"se","sead06","episodes","replace modul="episodes" if page=="sead06""
"se","sead09","episodes","replace modul="episodes" if page=="sead09""
"se","sead11","episodes","replace modul="episodes" if page=="sead11""
"se","sead12","episodes","replace modul="episodes" if page=="sead12""
"se","sead15","episodes","replace modul="episodes" if page=="sead15""
"se","sead17","episodes","replace modul="episodes" if page=="sead17""
"se","sead23","episodes","replace modul="episodes" if page=="sead23""
"se","sead25","episodes","replace modul="episodes" if page=="sead25""
"se","sead31","episodes","replace modul="episodes" if page=="sead31""
"se","sead33","episodes","replace modul="episodes" if page=="sead33""
"se","sead39","episodes","replace modul="episodes" if page=="sead39""
"se","sead41","episodes","replace modul="episodes" if page=="sead41""
"se","sead47","episodes","replace modul="episodes" if page=="sead47""
"se","sead49","episodes","replace modul="episodes" if page=="sead49""
"se","seae06","episodes","replace modul="episodes" if page=="seae06""
"se","seae09","episodes","replace modul="episodes" if page=="seae09""
"se","seae11","episodes","replace modul="episodes" if page=="seae11""
"se","seae12","episodes","replace modul="episodes" if page=="seae12""
"se","seae15","episodes","replace modul="episodes" if page=="seae15""
"se","seae17","episodes","replace modul="episodes" if page=="seae17""
"se","seae23","episodes","replace modul="episodes" if page=="seae23""
"se","seae25","episodes","replace modul="episodes" if page=="seae25""
"se","seae31","episodes","replace modul="episodes" if page=="seae31""
"se","seae33","episodes","replace modul="episodes" if page=="seae33""
"se","seae39","episodes","replace modul="episodes" if page=="seae39""
"se","seae41","episodes","replace modul="episodes" if page=="seae41""
"se","seae47","episodes","replace modul="episodes" if page=="seae47""
"se","seae49","episodes","replace modul="episodes" if page=="seae49""
"se","seaa57","episodes","replace modul="episodes" if page=="seaa57""
"se","seaa61","episodes","replace modul="episodes" if page=="seaa61""
"se","seaa65","episodes","replace modul="episodes" if page=="seaa65""
"se","seaa66","episodes","replace modul="episodes" if page=="seaa66""
"se","seaa68","episodes","replace modul="episodes" if page=="seaa68""
"se","seaa70","episodes","replace modul="episodes" if page=="seaa70""
"se","seaa60","episodes","replace modul="episodes" if page=="seaa60""
"se","seba01","episodes","replace modul="episodes" if page=="seba01""
"se","seba06","episodes","replace modul="episodes" if page=="seba06""
"se","seba09","episodes","replace modul="episodes" if page=="seba09""
"se","seba11","episodes","replace modul="episodes" if page=="seba11""
"se","seba12","episodes","replace modul="episodes" if page=="seba12""
"se","seba15","episodes","replace modul="episodes" if page=="seba15""
"se","seba17","episodes","replace modul="episodes" if page=="seba17""
"se","seba23","episodes","replace modul="episodes" if page=="seba23""
"se","seba25","episodes","replace modul="episodes" if page=="seba25""
"se","seba31","episodes","replace modul="episodes" if page=="seba31""
"se","seba33","episodes","replace modul="episodes" if page=="seba33""
"se","seba39","episodes","replace modul="episodes" if page=="seba39""
"se","seba41","episodes","replace modul="episodes" if page=="seba41""
"se","seba47","episodes","replace modul="episodes" if page=="seba47""
"se","seba49","episodes","replace modul="episodes" if page=="seba49""
"se","sebb06","episodes","replace modul="episodes" if page=="sebb06""
"se","sebb09","episodes","replace modul="episodes" if page=="sebb09""
"se","sebb11","episodes","replace modul="episodes" if page=="sebb11""
"se","sebb12","episodes","replace modul="episodes" if page=="sebb12""
"se","sebb15","episodes","replace modul="episodes" if page=="sebb15""
"se","sebb17","episodes","replace modul="episodes" if page=="sebb17""
"se","sebb23","episodes","replace modul="episodes" if page=="sebb23""
"se","sebb25","episodes","replace modul="episodes" if page=="sebb25""
"se","sebb31","episodes","replace modul="episodes" if page=="sebb31""
"se","sebb33","episodes","replace modul="episodes" if page=="sebb33""
"se","sebb39","episodes","replace modul="episodes" if page=="sebb39""
"se","sebb41","episodes","replace modul="episodes" if page=="sebb41""
"se","sebb47","episodes","replace modul="episodes" if page=="sebb47""
"se","sebb49","episodes","replace modul="episodes" if page=="sebb49""
"se","sebc06","episodes","replace modul="episodes" if page=="sebc06""
"se","sebc09","episodes","replace modul="episodes" if page=="sebc09""
"se","sebc11","episodes","replace modul="episodes" if page=="sebc11""
"se","sebc12","episodes","replace modul="episodes" if page=="sebc12""
"se","sebc15","episodes","replace modul="episodes" if page=="sebc15""
"se","sebc17","episodes","replace modul="episodes" if page=="sebc17""
"se","sebc23","episodes","replace modul="episodes" if page=="sebc23""
"se","sebc25","episodes","replace modul="episodes" if page=="sebc25""
"se","sebc31","episodes","replace modul="episodes" if page=="sebc31""
"se","sebc33","episodes","replace modul="episodes" if page=="sebc33""
"se","sebc39","episodes","replace modul="episodes" if page=="sebc39""
"se","sebc41","episodes","replace modul="episodes" if page=="sebc41""
"se","sebc47","episodes","replace modul="episodes" if page=="sebc47""
"se","sebc49","episodes","replace modul="episodes" if page=="sebc49""
"se","sebd06","episodes","replace modul="episodes" if page=="sebd06""
"se","sebd09","episodes","replace modul="episodes" if page=="sebd09""
"se","sebd11","episodes","replace modul="episodes" if page=="sebd11""
"se","sebd12","episodes","replace modul="episodes" if page=="sebd12""
"se","sebd15","episodes","replace modul="episodes" if page=="sebd15""
"se","sebd17","episodes","replace modul="episodes" if page=="sebd17""
"se","sebd23","episodes","replace modul="episodes" if page=="sebd23""
"se","sebd25","episodes","replace modul="episodes" if page=="sebd25""
"se","sebd31","episodes","replace modul="episodes" if page=="sebd31""
"se","sebd33","episodes","replace modul="episodes" if page=="sebd33""
"se","sebd39","episodes","replace modul="episodes" if page=="sebd39""
"se","sebd41","episodes","replace modul="episodes" if page=="sebd41""
"se","sebd47","episodes","replace modul="episodes" if page=="sebd47""
"se","sebd49","episodes","replace modul="episodes" if page=="sebd49""
"se","seba57","episodes","replace modul="episodes" if page=="seba57""
"se","seba61","episodes","replace modul="episodes" if page=="seba61""
"se","seba65","episodes","replace modul="episodes" if page=="seba65""
"se","seba66","episodes","replace modul="episodes" if page=="seba66""
"se","seba68","episodes","replace modul="episodes" if page=="seba68""
"se","seba70","episodes","replace modul="episodes" if page=="seba70""
"se","seba60","episodes","replace modul="episodes" if page=="seba60""
"se","seca01","episodes","replace modul="episodes" if page=="seca01""
"se","seca06","episodes","replace modul="episodes" if page=="seca06""
"se","seca09","episodes","replace modul="episodes" if page=="seca09""
"se","seca11","episodes","replace modul="episodes" if page=="seca11""
"se","seca12","episodes","replace modul="episodes" if page=="seca12""
"se","seca15","episodes","replace modul="episodes" if page=="seca15""
"se","seca17","episodes","replace modul="episodes" if page=="seca17""
"se","seca23","episodes","replace modul="episodes" if page=="seca23""
"se","seca25","episodes","replace modul="episodes" if page=="seca25""
"se","seca31","episodes","replace modul="episodes" if page=="seca31""
"se","seca33","episodes","replace modul="episodes" if page=="seca33""
"se","seca39","episodes","replace modul="episodes" if page=="seca39""
"se","seca41","episodes","replace modul="episodes" if page=="seca41""
"se","seca47","episodes","replace modul="episodes" if page=="seca47""
"se","seca49","episodes","replace modul="episodes" if page=="seca49""
"se","secb06","episodes","replace modul="episodes" if page=="secb06""
"se","secb09","episodes","replace modul="episodes" if page=="secb09""
"se","secb11","episodes","replace modul="episodes" if page=="secb11""
"se","secb12","episodes","replace modul="episodes" if page=="secb12""
"se","secb15","episodes","replace modul="episodes" if page=="secb15""
"se","secb17","episodes","replace modul="episodes" if page=="secb17""
"se","secb23","episodes","replace modul="episodes" if page=="secb23""
"se","secb25","episodes","replace modul="episodes" if page=="secb25""
"se","secb31","episodes","replace modul="episodes" if page=="secb31""
"se","secb33","episodes","replace modul="episodes" if page=="secb33""
"se","secb39","episodes","replace modul="episodes" if page=="secb39""
"se","secb41","episodes","replace modul="episodes" if page=="secb41""
"se","secb47","episodes","replace modul="episodes" if page=="secb47""
"se","secb49","episodes","replace modul="episodes" if page=="secb49""
"se","secc06","episodes","replace modul="episodes" if page=="secc06""
"se","secc09","episodes","replace modul="episodes" if page=="secc09""
"se","secc11","episodes","replace modul="episodes" if page=="secc11""
"se","secc12","episodes","replace modul="episodes" if page=="secc12""
"se","secc15","episodes","replace modul="episodes" if page=="secc15""
"se","secc17","episodes","replace modul="episodes" if page=="secc17""
"se","secc23","episodes","replace modul="episodes" if page=="secc23""
"se","secc25","episodes","replace modul="episodes" if page=="secc25""
"se","secc31","episodes","replace modul="episodes" if page=="secc31""
"se","secc33","episodes","replace modul="episodes" if page=="secc33""
"se","secc39","episodes","replace modul="episodes" if page=="secc39""
"se","secc41","episodes","replace modul="episodes" if page=="secc41""
"se","secc47","episodes","replace modul="episodes" if page=="secc47""
"se","secc49","episodes","replace modul="episodes" if page=="secc49""
"se","seca57","episodes","replace modul="episodes" if page=="seca57""
"se","seca61","episodes","replace modul="episodes" if page=="seca61""
"se","seca65","episodes","replace modul="episodes" if page=="seca65""
"se","seca66","episodes","replace modul="episodes" if page=="seca66""
"se","seca68","episodes","replace modul="episodes" if page=="seca68""
"se","seca70","episodes","replace modul="episodes" if page=="seca70""
"se","seca60","episodes","replace modul="episodes" if page=="seca60""
"se","seda01","episodes","replace modul="episodes" if page=="seda01""
"se","seda06","episodes","replace modul="episodes" if page=="seda06""
"se","seda09","episodes","replace modul="episodes" if page=="seda09""
"se","seda11","episodes","replace modul="episodes" if page=="seda11""
"se","seda12","episodes","replace modul="episodes" if page=="seda12""
"se","seda15","episodes","replace modul="episodes" if page=="seda15""
"se","seda17","episodes","replace modul="episodes" if page=="seda17""
"se","seda23","episodes","replace modul="episodes" if page=="seda23""
"se","seda25","episodes","replace modul="episodes" if page=="seda25""
"se","seda31","episodes","replace modul="episodes" if page=="seda31""
"se","seda33","episodes","replace modul="episodes" if page=="seda33""
"se","seda39","episodes","replace modul="episodes" if page=="seda39""
"se","seda41","episodes","replace modul="episodes" if page=="seda41""
"se","seda47","episodes","replace modul="episodes" if page=="seda47""
"se","seda49","episodes","replace modul="episodes" if page=="seda49""
"se","sedb06","episodes","replace modul="episodes" if page=="sedb06""
"se","sedb09","episodes","replace modul="episodes" if page=="sedb09""
"se","sedb11","episodes","replace modul="episodes" if page=="sedb11""
"se","sedb12","episodes","replace modul="episodes" if page=="sedb12""
"se","sedb15","episodes","replace modul="episodes" if page=="sedb15""
"se","sedb17","episodes","replace modul="episodes" if page=="sedb17""
"se","sedb23","episodes","replace modul="episodes" if page=="sedb23""
"se","sedb25","episodes","replace modul="episodes" if page=="sedb25""
"se","sedb31","episodes","replace modul="episodes" if page=="sedb31""
"se","sedb33","episodes","replace modul="episodes" if page=="sedb33""
"se","sedb39","episodes","replace modul="episodes" if page=="sedb39""
"se","sedb41","episodes","replace modul="episodes" if page=="sedb41""
"se","sedb47","episodes","replace modul="episodes" if page=="sedb47""
"se","sedb49","episodes","replace modul="episodes" if page=="sedb49""
"se","seda57","episodes","replace modul="episodes" if page=="seda57""
"se","seda61","episodes","replace modul="episodes" if page=="seda61""
"se","seda65","episodes","replace modul="episodes" if page=="seda65""
"se","seda66","episodes","replace modul="episodes" if page=="seda66""
"se","seda68","episodes","replace modul="episodes" if page=="seda68""
"se","seda70","episodes","replace modul="episodes" if page=="seda70""
"se","seda60","episodes","replace modul="episodes" if page=="seda60""
"se","seea01","episodes","replace modul="episodes" if page=="seea01""
"se","seea06","episodes","replace modul="episodes" if page=="seea06""
"se","seea09","episodes","replace modul="episodes" if page=="seea09""
"se","seea11","episodes","replace modul="episodes" if page=="seea11""
"se","seea12","episodes","replace modul="episodes" if page=="seea12""
"se","seea15","episodes","replace modul="episodes" if page=="seea15""
"se","seea17","episodes","replace modul="episodes" if page=="seea17""
"se","seea23","episodes","replace modul="episodes" if page=="seea23""
"se","seea25","episodes","replace modul="episodes" if page=="seea25""
"se","seea31","episodes","replace modul="episodes" if page=="seea31""
"se","seea33","episodes","replace modul="episodes" if page=="seea33""
"se","seea39","episodes","replace modul="episodes" if page=="seea39""
"se","seea41","episodes","replace modul="episodes" if page=="seea41""
"se","seea47","episodes","replace modul="episodes" if page=="seea47""
"se","seea49","episodes","replace modul="episodes" if page=="seea49""
"se","seea57","episodes","replace modul="episodes" if page=="seea57""
"se","se0002","episodes","replace modul="episodes" if page=="se0002""
"se","seea61","episodes","replace modul="episodes" if page=="seea61""
"se","seea65","episodes","replace modul="episodes" if page=="seea65""
"se","seea66","episodes","replace modul="episodes" if page=="seea66""
"se","seea68","episodes","replace modul="episodes" if page=="seea68""
"se","seea70","episodes","replace modul="episodes" if page=="seea70""
"se","seea60","episodes","replace modul="episodes" if page=="seea60""
"se","se0004","episodes","replace modul="episodes" if page=="se0004""
"se","se0003","episodes","replace modul="episodes" if page=="se0003""
"se","sezz01","episodes","replace modul="episodes" if page=="sezz01""
"se","sezz06","episodes","replace modul="episodes" if page=="sezz06""
"se","sezz11","episodes","replace modul="episodes" if page=="sezz11""
"se","sezz12","episodes","replace modul="episodes" if page=="sezz12""
"se","sezz15","episodes","replace modul="episodes" if page=="sezz15""
"se","sezz17","episodes","replace modul="episodes" if page=="sezz17""
"se","sezz57","episodes","replace modul="episodes" if page=="sezz57""
"se","sezz61","episodes","replace modul="episodes" if page=="sezz61""
"se","sezz65","episodes","replace modul="episodes" if page=="sezz65""
"se","sezz66","episodes","replace modul="episodes" if page=="sezz66""
"se","sezz68","episodes","replace modul="episodes" if page=="sezz68""
"se","sezz70","episodes","replace modul="episodes" if page=="sezz70""
"zwischen","zwischen_em","zwischen","replace modul="zwischen" if page=="zwischen_em""
"u","u0001","episodes","replace modul="episodes" if page=="u0001""
"u","uaa01","episodes","replace modul="episodes" if page=="uaa01""
"u","uaa05","episodes","replace modul="episodes" if page=="uaa05""
"u","uaa06","episodes","replace modul="episodes" if page=="uaa06""
"u","uaa20","episodes","replace modul="episodes" if page=="uaa20""
"u","uba01","episodes","replace modul="episodes" if page=="uba01""
"u","uba05","episodes","replace modul="episodes" if page=="uba05""
"u","uba06","episodes","replace modul="episodes" if page=="uba06""
"u","uba20","episodes","replace modul="episodes" if page=="uba20""
"u","uca01","episodes","replace modul="episodes" if page=="uca01""
"u","uca05","episodes","replace modul="episodes" if page=="uca05""
"u","uca06","episodes","replace modul="episodes" if page=="uca06""
"u","uca20","episodes","replace modul="episodes" if page=="uca20""
"u","uda01","episodes","replace modul="episodes" if page=="uda01""
"u","uda05","episodes","replace modul="episodes" if page=="uda05""
"u","uda06","episodes","replace modul="episodes" if page=="uda06""
"u","uda20","episodes","replace modul="episodes" if page=="uda20""
"zwischen","zwischen_u","zwischen","replace modul="zwischen" if page=="zwischen_u""
"o","o0001","episodes","replace modul="episodes" if page=="o0001""
"o","oaa01","episodes","replace modul="episodes" if page=="oaa01""
"o","oaa05","episodes","replace modul="episodes" if page=="oaa05""
"o","oaa07","episodes","replace modul="episodes" if page=="oaa07""
"o","oaa12","episodes","replace modul="episodes" if page=="oaa12""
"o","oab01","episodes","replace modul="episodes" if page=="oab01""
"o","oab05","episodes","replace modul="episodes" if page=="oab05""
"o","oab07","episodes","replace modul="episodes" if page=="oab07""
"o","oab12","episodes","replace modul="episodes" if page=="oab12""
"o","oca01","episodes","replace modul="episodes" if page=="oca01""
"o","oca05","episodes","replace modul="episodes" if page=="oca05""
"o","oca10","episodes","replace modul="episodes" if page=="oca10""
"o","oda01","episodes","replace modul="episodes" if page=="oda01""
"o","oda05","episodes","replace modul="episodes" if page=="oda05""
"o","odb01","episodes","replace modul="episodes" if page=="odb01""
"o","odb05","episodes","replace modul="episodes" if page=="odb05""
"o","oea01","episodes","replace modul="episodes" if page=="oea01""
"o","oea05","episodes","replace modul="episodes" if page=="oea05""
"o","oeb01","episodes","replace modul="episodes" if page=="oeb01""
"o","oeb05","episodes","replace modul="episodes" if page=="oeb05""
"zwischen","zwischen_o","zwischen","replace modul="zwischen" if page=="zwischen_o""
"aus","aus_00","conventional","replace modul="conventional" if page=="aus_00""
"aus","aus_01","conventional","replace modul="conventional" if page=="aus_01""
"aus","aus_04","conventional","replace modul="conventional" if page=="aus_04""
"aus","aus_02","conventional","replace modul="conventional" if page=="aus_02""
"aus","aus_06","conventional","replace modul="conventional" if page=="aus_06""
"aus","aus_03","conventional","replace modul="conventional" if page=="aus_03""
"stu","stu_00","conventional","replace modul="conventional" if page=="stu_00""
"stu","stu_01","conventional","replace modul="conventional" if page=="stu_01""
"stu","stu_07","conventional","replace modul="conventional" if page=="stu_07""
"stu","stu_02","conventional","replace modul="conventional" if page=="stu_02""
"stu","stu_08","conventional","replace modul="conventional" if page=="stu_08""
"stu","stu_03","conventional","replace modul="conventional" if page=="stu_03""
"stu","stu_09","conventional","replace modul="conventional" if page=="stu_09""
"stu","stu_04","conventional","replace modul="conventional" if page=="stu_04""
"stu","stu_10","conventional","replace modul="conventional" if page=="stu_10""
"stu","stu_05","conventional","replace modul="conventional" if page=="stu_05""
"stu","stu_11","conventional","replace modul="conventional" if page=="stu_11""
"stu","stu_06","conventional","replace modul="conventional" if page=="stu_06""
"stu","stu_12","conventional","replace modul="conventional" if page=="stu_12""
"stu","stu_13","conventional","replace modul="conventional" if page=="stu_13""
"stu","stu_15","conventional","replace modul="conventional" if page=="stu_15""
"stu","stu_16","conventional","replace modul="conventional" if page=="stu_16""
"stu","stu_17","conventional","replace modul="conventional" if page=="stu_17""
"stu","stu_18","conventional","replace modul="conventional" if page=="stu_18""
"stu","stu_19","conventional","replace modul="conventional" if page=="stu_19""
"stu","stu_20","conventional","replace modul="conventional" if page=="stu_20""
"stu","stu_21","conventional","replace modul="conventional" if page=="stu_21""
"stu","stu_22","conventional","replace modul="conventional" if page=="stu_22""
"stu","stu_23","conventional","replace modul="conventional" if page=="stu_23""
"mas","mas_00","conventional","replace modul="conventional" if page=="mas_00""
"mas","mas_01","conventional","replace modul="conventional" if page=="mas_01""
"mas","mas_02","conventional","replace modul="conventional" if page=="mas_02""
"mas","mas_03","conventional","replace modul="conventional" if page=="mas_03""
"mas","mas_04","conventional","replace modul="conventional" if page=="mas_04""
"stu","stu_24","conventional","replace modul="conventional" if page=="stu_24""
"stu","stu_25","conventional","replace modul="conventional" if page=="stu_25""
"stu","stu_25a","conventional","replace modul="conventional" if page=="stu_25a""
"stu","stu_26","conventional","replace modul="conventional" if page=="stu_26""
"stu","stu_27","conventional","replace modul="conventional" if page=="stu_27""
"stu","stu_28","conventional","replace modul="conventional" if page=="stu_28""
"stu","stu_29","conventional","replace modul="conventional" if page=="stu_29""
"gsh","gsh_00","conventional","replace modul="conventional" if page=="gsh_00""
"gsh","gsh_01","conventional","replace modul="conventional" if page=="gsh_01""
"gsh","gsh_02","conventional","replace modul="conventional" if page=="gsh_02""
"gsh","gsh_03","conventional","replace modul="conventional" if page=="gsh_03""
"gsh","gsh_04","conventional","replace modul="conventional" if page=="gsh_04""
"gsh","gsh_05","conventional","replace modul="conventional" if page=="gsh_05""
"msg","msg_00","conventional","replace modul="conventional" if page=="msg_00""
"msg","msg_01","conventional","replace modul="conventional" if page=="msg_01""
"msg","msg_02","conventional","replace modul="conventional" if page=="msg_02""
"msg","msg_03","conventional","replace modul="conventional" if page=="msg_03""
"msg","msg_05","conventional","replace modul="conventional" if page=="msg_05""
"msg","msg_06","conventional","replace modul="conventional" if page=="msg_06""
"msg","msg_07","conventional","replace modul="conventional" if page=="msg_07""
"msg","msg_08","conventional","replace modul="conventional" if page=="msg_08""
"msg","msg_09","conventional","replace modul="conventional" if page=="msg_09""
"msg","msg_10","conventional","replace modul="conventional" if page=="msg_10""
"msg","msg_11","conventional","replace modul="conventional" if page=="msg_11""
"msg","msg_12","conventional","replace modul="conventional" if page=="msg_12""
"msg","msg_13","conventional","replace modul="conventional" if page=="msg_13""
"msg","msg_14","conventional","replace modul="conventional" if page=="msg_14""
"msg","msg_15","conventional","replace modul="conventional" if page=="msg_15""
"msg","msg_16","conventional","replace modul="conventional" if page=="msg_16""
"msg","msg_17","conventional","replace modul="conventional" if page=="msg_17""
"msg","msg_18","conventional","replace modul="conventional" if page=="msg_18""
"msg","msg_19","conventional","replace modul="conventional" if page=="msg_19""
"msg","msg_20","conventional","replace modul="conventional" if page=="msg_20""
"end","end_0","conventional","replace modul="conventional" if page=="end_0""
"end","end","conventional","replace modul="conventional" if page=="end""